<?xml version="1.0" encoding="UTF-8"?>

<mule xmlns:db="http://www.mulesoft.org/schema/mule/db" xmlns:tracking="http://www.mulesoft.org/schema/mule/ee/tracking" xmlns:twitter="http://www.mulesoft.org/schema/mule/twitter" xmlns:json="http://www.mulesoft.org/schema/mule/json"
	xmlns:vm="http://www.mulesoft.org/schema/mule/vm"
	xmlns:http="http://www.mulesoft.org/schema/mule/http"
	xmlns:dw="http://www.mulesoft.org/schema/mule/ee/dw"
	xmlns="http://www.mulesoft.org/schema/mule/core" xmlns:doc="http://www.mulesoft.org/schema/mule/documentation"
	xmlns:spring="http://www.springframework.org/schema/beans" 
	xmlns:xsi="http://www.w3.org/2001/XMLSchema-instance"
	xsi:schemaLocation="http://www.mulesoft.org/schema/mule/json http://www.mulesoft.org/schema/mule/json/current/mule-json.xsd
http://www.mulesoft.org/schema/mule/vm http://www.mulesoft.org/schema/mule/vm/current/mule-vm.xsd
http://www.mulesoft.org/schema/mule/http http://www.mulesoft.org/schema/mule/http/current/mule-http.xsd
http://www.mulesoft.org/schema/mule/twitter http://www.mulesoft.org/schema/mule/twitter/current/mule-twitter.xsd
http://www.mulesoft.org/schema/mule/ee/dw http://www.mulesoft.org/schema/mule/ee/dw/current/dw.xsd
http://www.springframework.org/schema/beans http://www.springframework.org/schema/beans/spring-beans-current.xsd
http://www.mulesoft.org/schema/mule/core http://www.mulesoft.org/schema/mule/core/current/mule.xsd
http://www.mulesoft.org/schema/mule/ee/tracking http://www.mulesoft.org/schema/mule/ee/tracking/current/mule-tracking-ee.xsd
http://www.mulesoft.org/schema/mule/db http://www.mulesoft.org/schema/mule/db/current/mule-db.xsd">
    <spring:beans>
        <spring:bean id="AllTweets" class="com.cisco.twitter.requestToken.GetAllTweetsFromMe"/>
        <spring:bean id="mentionTweets" class="com.cisco.twitter.requestToken.GetTweetsPostedToYou"/>
        <spring:bean id="ReTweets" class="com.cisco.twitter.requestToken.GetReTweets"/>
        <spring:bean id="getDirecetMessage" class="com.cisco.twitter.requestToken.GetDirectMessagesToYou"/>
        <spring:bean id="getDirecetMessagesYouSent" class="com.cisco.twitter.requestToken.GetDirectMessageFromYou"/>
        <spring:bean id="getOneDirecetMessagesYouReceive" class="com.cisco.twitter.requestToken.GetSingleReceivedDirectMessage">
      </spring:bean>
    </spring:beans>
  	<http:request-config name="HTTP_Access_Token_Request_Configuration" protocol="HTTPS" host="${twitter.api.access.token.host}" port="${twitter.api.access.token.port}"  doc:name="HTTP Request Configuration"/>
  	
 	<http:request-config name="HTTP_Operations_Request_Configuration" protocol="HTTPS" host="${twitter.api.operations.host}" port="${twitter.api.operations.port}" basePath="${twitter.api.operations.base.path}" doc:name="HTTP Request Configuration"/>
    <twitter:config name="getAllTweets1" accessKey="#[flowVars.tokenValues.access_token]" accessSecret="#[flowVars.tokenValues.refresh_token]" consumerKey="${twitter.key}" consumerSecret="${twitter.secret}" doc:name="Twitter"/>
    <http:request-config name="HTTP_Management_Configuration" protocol="HTTPS" host="${integrations.management.host}" port="443" basePath="/api" doc:name="HTTP Request Configuration"/>
    <http:request-config name="http_mySpark_configuration" protocol="HTTPS" host="api.ciscospark.com" port="443" doc:name="HTTP Request Configuration"/>

    <flow name="updateTwitterIntegrationFlow">
        <dw:transform-message doc:name="Transform Update Response">
            <dw:set-payload resource="classpath:dwScripts/fromPayloadToJava.dwl"/>
        </dw:transform-message>
    </flow>
    <flow name="Twitter-Pool-callsFlow">
		<vm:inbound-endpoint exchange-pattern="one-way"
			path="testPath" connector-ref="VM" doc:name="VM" />
        <dw:transform-message doc:name="Transform Message">
            <dw:set-payload><![CDATA[%dw 1.0
%output application/java
---
sessionVars.maap]]></dw:set-payload>
        </dw:transform-message>


		
            <set-variable variableName="IntegrationID" value="${twitter.integrationId}" doc:name="SetIntegrationId"/>
        <enricher target="#[flowVars['tweetDetails']]" doc:name="Message Enricher">
            <vm:outbound-endpoint exchange-pattern="request-response" path="/MessageId" connector-ref="VM" doc:name="Vm call to tweetID"/>
        </enricher>
        <logger message="#[flowVars['tweetDetails']]" level="INFO" doc:name="Logger"/>
        <choice doc:name="Check for Twitter details">
            <when expression="#[flowVars['tweetDetails'].size()&gt;0]">
                <logger message="UpdatingTwitterId " level="INFO" doc:name="Logger"/>
                <set-variable variableName="sinceId1" value="#[flowVars['tweetDetails'][0]['mentionId']]" doc:name="sinceId"/>
                <set-variable variableName="sinceId" value="#[flowVars['tweetDetails'][0]['tweetId']]" doc:name="sinceId"/>
                <set-variable variableName="userId" value="#[sessionVars['userId']]" doc:name="SetUserId"/>
                <enricher target="#[flowVars['tokenValues']]" doc:name="Message Enricher">
                    <vm:outbound-endpoint exchange-pattern="request-response" path="AccessToken" connector-ref="VM" doc:name="Get Run TIme Access Token Flow"/>
                </enricher>
                <logger level="INFO" doc:name="Logger" message="#[flowVars.tokenValues]"/>
                <set-variable variableName="token" value="#[flowVars['tokenValues']['accessToken']]" doc:name="Token"/>
                <set-variable variableName="tokenSecret" value="#[flowVars['tokenValues']['refreshToken']]" doc:name="TokenSecret"/>
                <set-variable variableName="instanceUuidList" value="#[sessionVars.maap.get(sessionVars.userId)]" doc:name="InstanceUuidList"/>
                <choice doc:name="Choice">
                    <when expression="#[payload!=null]">
                        <dw:transform-message doc:name="Transform Message">
                            <dw:set-payload><![CDATA[%dw 1.0
%output application/json
---
payload]]></dw:set-payload>
                        </dw:transform-message>
                    </when>
                    <otherwise>
                        <logger message="Nothing in the paylod" level="INFO" doc:name="Logger"/>
                    </otherwise>
                </choice>
                                <logger message="#[flowVars.instanceUuidList]" level="INFO" doc:name="Logger"/>

                                <foreach collection="#[flowVars.instanceUuidList]" doc:name="For Each">
                    <logger message="#[payload.instanceUuid]" level="INFO" doc:name="Logger"/>
                                    <set-variable variableName="instanceuuid" value="#[payload['instanceUuid']]" doc:name="Set InstanceUuid"/>
                    <set-session-variable variableName="instanceuuid" value="#[payload['instanceUuid']]" doc:name="instanceuuid"/>
                                    <set-payload value="#[payload.configJson]" doc:name="Set Payload"/>
                                    <json:json-to-object-transformer returnClass="java.util.Map" doc:name="JSON to Object"/>
                                    <set-variable variableName="configJson" value="#[payload]" doc:name="SetConfigJson"/>
                    <set-session-variable variableName="config" value="#[payload]" doc:name="SessionConfig"/>
                    <set-variable variableName="screeName" value="#[flowVars['configJson']['screenName']]" doc:name="ScreeName"/>
                    <logger message="#[flowVars.configJson.events]===#[payload.events]" level="INFO" doc:name="Logger"/>
                                    <foreach collection="#[payload.events]" doc:name="For EachEvenTypeCheck">
                        <logger message="#[payload] #[payload=='sent-tweets']" level="INFO" doc:name="Logger"/>
                        <set-session-variable variableName="token" value="#[flowVars.token]" doc:name="Token"/>
                        <set-session-variable variableName="tokenSecret" value="#[flowVars['tokenSecret']]" doc:name="TokenSecret"/>
                        <set-session-variable variableName="screenName" value="#[flowVars['screeName']]" doc:name="ScreenName"/>
                        <logger message="#[flowVars.configJson.event]" level="INFO" doc:name="Logger"/>

                                        <choice doc:name="ChoiceFor Event Type Checking">
                                            <when expression="#[(payload=='sent-tweets')||(payload=='re-tweets')||(payload=='reply-tweet')]">
                                                <logger message="in received tweets flow#[flowVars.token],#[flowVars.tokenSecret],#[flowVars.screeName],#[flowVars.sinceId]" level="INFO" doc:name="Logger"/>
                                <set-session-variable variableName="sinceId" value="#[flowVars['sinceId']]" doc:name="SinceId"/>
                                <choice doc:name="Choice">
                                    <when expression="#[(payload=='sent-tweets')]">
                                        <choice doc:name="Choice">
                                            <when expression="#[sessionVars.sinceId!='NoTweetId']">
                                                <enricher target="#[flowVars.tweetDetails]" doc:name="GetAllTweets">
                                                    <vm:outbound-endpoint exchange-pattern="request-response" path="GetAllTweets" connector-ref="VM" doc:name="GetAllTweetsPostedByTheAccount"/>
                                                </enricher>
                                            </when>
                                            <otherwise>
                                                <vm:outbound-endpoint exchange-pattern="request-response" connector-ref="VM" doc:name="Get Single Tweet" path="GetTweetsForNoTweetIdInTable"/>
                                            </otherwise>
                                        </choice>
                                    </when>
                                    <when expression="#[payload=='re-tweets']">
                                        <choice doc:name="Choice">
                                            <when expression="#[sessionVars.sinceId!='NoTweetId']">
                                                <enricher target="#[flowVars.reTweetId]" doc:name="Message Enricher">
                                                    <vm:outbound-endpoint exchange-pattern="request-response" path="ReTweets" connector-ref="VM" doc:name="GetAllRetweetsPostedByTheAccount"/>
                                                </enricher>
                                            </when>
                                            <otherwise>
                                                <vm:outbound-endpoint exchange-pattern="request-response" connector-ref="VM" doc:name="Get Single Tweet" path="GetTweetsForNoTweetIdInTable"/>
                                            </otherwise>
                                        </choice>
                                    </when>
                                    <when expression="#[payload=='reply-tweet']">
                                        <choice doc:name="Choice">
                                            <when expression="#[sessionVars.sinceId!='NoTweetId']">
                                                <enricher target="#[flowVars.getAllReplyTweets]" doc:name="Message Enricher">
                                                    <vm:outbound-endpoint exchange-pattern="request-response" path="/replyTweet" connector-ref="VM" doc:name="Vm to get Reply Tweets"/>
                                                </enricher>
                                            </when>
                                            <otherwise>
                                                <vm:outbound-endpoint exchange-pattern="request-response"  doc:name="VM to get single tweet id" connector-ref="VM" path="GetTweetsForNoTweetIdInTable"/>
                                            </otherwise>
                                        </choice>
                                    </when>
                                    <otherwise>
                                        <logger message="In default logger" level="INFO" doc:name="Logger"/>
                                    </otherwise>
                                </choice>
                                <logger level="INFO" doc:name="Logger" message="After First forEach"/>
                                            </when>
                            <when expression="#[payload=='directmessage-from-account']">
                                <logger message="In get direct message flow" level="INFO" doc:name="Logger"/>
                                <set-session-variable variableName="sinceId" value="#[flowVars.sinceId1]" doc:name="Session Variable"/>
                                <choice doc:name="Choice">
                                    <when expression="#[sessionVars.sinceId!='NoMessageId']">
                                        <vm:outbound-endpoint exchange-pattern="request-response" path="/getDirectMessageToYou" connector-ref="VM" doc:name="Vm To Get Direct Messages Received"/>
                                    </when>
                                    <otherwise>
                                        <vm:outbound-endpoint exchange-pattern="request-response" path="/GetDirectMessageInPolling" connector-ref="VM" doc:name="VM Get Direct Message In Polling"/>
                                    </otherwise>
                                </choice>
                            </when>
                            <when expression="#[payload=='directmessage-to-account']">
                                <logger message="In messages from you" level="INFO" doc:name="Logger"/>
                                <set-session-variable variableName="sinceId" value="#[flowVars.sinceId1]" doc:name="Session Variable"/>
                                <choice doc:name="Choice">
                                    <when expression="#[sessionVars.sinceId!='NoMessageId']">
                                        <vm:outbound-endpoint exchange-pattern="request-response" path="/getDirectMessageFromYou" connector-ref="VM" doc:name="Vm To Get Direct Messages Sent"/>
                                    </when>
                                    <otherwise>
                                        <vm:outbound-endpoint exchange-pattern="request-response"  doc:name="Get Single Tweet" connector-ref="VM" path="/getSingleReceivedDirectMessage"/>
                                    </otherwise>
                                </choice>
                            </when>
                                            <otherwise>
                                                <logger message="In tweets you got flow #[flowVars.sinceId]" level="INFO" doc:name="Logger"/>
                                <set-session-variable variableName="sinceId" value="#[flowVars.sinceId]" doc:name="SinceId"/>
                                <enricher target="#[flowVars.tweetDetails]" doc:name="Message Enricher">
                                    <vm:outbound-endpoint exchange-pattern="request-response" path="getMentionTweets" connector-ref="VM" doc:name="GetAllTweetsReceivedByAccount"/>
                                </enricher>
                                            </otherwise>
                                        </choice>
                                    </foreach>

                                </foreach>
                <logger level="INFO" doc:name="Logger" message="After Scond For Each"/>
                
                
                                
                
            </when>
            <otherwise>
                <logger message="NO CHANGE IN THE BOX" level="INFO" doc:name="Logger"/>
            </otherwise>
        </choice>
        <catch-exception-strategy doc:name="Catch Exception Strategy">
            <logger message="Error Occured Due TO #[exception.message]" level="INFO" doc:name="Logger"/>
        </catch-exception-strategy>

		
	</flow>

    <flow name="getAllTweets">
        <vm:inbound-endpoint exchange-pattern="request-response" path="GetAllTweets" connector-ref="VM" doc:name="GetAllTweets"/>
        <logger message="In Polling Get All Tweet ${twitter.key},${twitter.secret},#[sessionVars.token],#[sessionVars.tokenSecret],#[sessionVars.screeName],#[sessionVars.sinceId]" level="INFO" doc:name="Logger"/>
        <set-variable variableName="configj" value="#[sessionVars['config']]" doc:name="ConfigJson"/>
        <set-variable variableName="token" value="#[sessionVars['token']]" doc:name="token"/>
        <set-variable variableName="tokenSecret" value="#[sessionVars['tokenSecret']]" doc:name="tokenSecret"/>
        <set-variable variableName="screenName" value="#[sessionVars['screenName']]" doc:name="screenName"/>
        <set-variable variableName="sinceId" value="#[sessionVars['sinceId']]" doc:name="sinceId"/>
        <set-variable variableName="instanceUuid" value="#[sessionVars['instanceuuid']]" doc:name="instanceUuid"/>
        <logger message="Getting All REceived Tweets Ck=${twitter.key},Cs=${twitter.secret},At=#[flowVars.token],As=#[flowVars.tokenSecret],Sn=#[flowVars.screenName],SinId=#[flowVars.sinceId]" level="INFO" doc:name="Logger"/>
        <invoke object-ref="AllTweets" method="alltweets" methodArguments="${twitter.key},${twitter.secret},#[flowVars.token],#[flowVars.tokenSecret],#[flowVars.screenName],#[flowVars.sinceId]" methodArgumentTypes="java.lang.String,java.lang.String,java.lang.String,java.lang.String,java.lang.String,java.lang.String" doc:name="ToGetTweets" name="ToGetTweets"/>
        <choice doc:name="Choice">
            <when expression="#[payload.size()!=0]">
                <dw:transform-message doc:name="Transform Message">
                    <dw:set-payload><![CDATA[%dw 1.0
%output application/java
---
payload]]></dw:set-payload>
                </dw:transform-message>
                <foreach doc:name="For Each For Tweets">
                    <choice doc:name="Choice123">
                        <when expression="#[payload[3]&lt;1]">
                            <logger message="#[payload]====#[sessionVars.sinceId]===#[payload[2]]" level="INFO" doc:name="Logger"/>
                            <set-variable variableName="tweet" value="#[payload[1]]" doc:name="Tweet"/>
                            <set-session-variable variableName="TotalPayload" value="#[payload[2]]" doc:name="Session Variable"/>
                            <set-variable variableName="TweetId1" value="#[payload[2]]" doc:name="TweetId"/>
                            <logger message="#[payload[2]]" level="INFO" doc:name="Logger"/>
                            <expression-component doc:name="Expression"><![CDATA[flowVars.tweet=flowVars.tweet.toString().split("https")[0]]]></expression-component>
                            <choice doc:name="Choice">
                                <when expression="#[flowVars.configj.hashText!=empty]">
                                    <logger message="In HashTagFlow" level="INFO" doc:name="Logger"/>
                                    <choice doc:name="Choice">
                                        <when expression="#[payload[1].contains(flowVars.configj.hashText)]">
                                            <set-variable variableName="Response" value="#['https://twitter.com/'+payload[0]+'/status/'+payload[2]+' \n\n ['+flowVars.screenName+'](https://twitter.com/'+flowVars.screenName+')   '+'@['+flowVars.screenName+'](https://twitter.com/'+flowVars.screenName+') \n\n '+payload[1]+' ']" doc:name="Response"/>
                                        </when>
                                        <otherwise>
                                            <logger level="INFO" doc:name="Logger" message="No HasTag"/>
                                        </otherwise>
                                    </choice>
                                </when>
                                <otherwise>
                                    <set-variable variableName="Response" value="#['https://twitter.com/'+payload[0]+'/status/'+payload[2]+' \n\n ['+flowVars.screenName+'](https://twitter.com/'+flowVars.screenName+')   '+'@['+flowVars.screenName+'](https://twitter.com/'+flowVars.screenName+') \n\n '+payload[1]+' ']" doc:name="Response"/>
                                </otherwise>
                            </choice>
                            <logger message="#[flowVars.Response]" level="INFO" doc:name="Logger"/>
                            <choice doc:name="Choice to send the image url or not">
                                <when expression="#[payload.size()&gt;6]">
                                    
                                    <set-variable variableName="imageUrl" value="#[payload[6]]" doc:name="ImageUrl"/>
                                    <choice doc:name="Choice">
                                        <when expression="#[(payload.size()&gt;7)&amp;&amp;(payload[7]!=null)]">
                                            <set-variable variableName="imageUrl" value="#[payload[7]]" doc:name="ImageUrl"/>
                                        </when>
                                        <otherwise>
                                            <logger message="No Need to change the image url" level="INFO" doc:name="Logger"/>
                                        </otherwise>
                                    </choice>
                                    <logger message="#[flowVars.imageUrl]" level="INFO" doc:name="Logger"/>
                                    <dw:transform-message doc:name="Transform Message">
                                        <dw:set-payload><![CDATA[%dw 1.0
%output application/json
---
{
	"Resp":flowVars.Response,
	"ImageUrl":flowVars.imageUrl
}]]></dw:set-payload>
                                    </dw:transform-message>
                                    <logger message="payload to post for management #[message.payloadAs(java.lang.String)]" level="INFO" doc:name="Logger"/>
                                    <http:request config-ref="HTTP_Management_Configuration" path="/hooks/{instanceUuid}" method="POST" doc:name="HttpInstaceUuid">
                                <http:request-builder>
                                            <http:uri-param paramName="instanceUuid" value="#[flowVars['instanceUuid']]"/>
                                </http:request-builder>
                                        <http:failure-status-code-validator values="500..599"/>
                            </http:request>
                                    <logger message="After http tweetId is #[sessionVars.TotalPayload]" level="INFO" doc:name="Logger"/>
                                </when>
                                <otherwise>
                                    <dw:transform-message doc:name="Transform Message">
                                        <dw:set-payload><![CDATA[%dw 1.0
%output application/json
---
{
	"Resp":flowVars.Response
}]]></dw:set-payload>
                                    </dw:transform-message>
                                    <http:request config-ref="HTTP_Management_Configuration" path="/hooks/{instanceUuid}" method="POST" doc:name="Http to post data to Mangement">
                                        <http:request-builder>
                                            <http:uri-param paramName="instanceUuid" value="#[flowVars.instanceUuid]"/>

                                        </http:request-builder>
                                    </http:request>

                                </otherwise>
                            </choice>
                            <enricher target="#[flowVars.Details]" doc:name="Message Enricher">
                                <vm:outbound-endpoint exchange-pattern="request-response" path="/twitterId" connector-ref="VM" doc:name="VM"/>
                            </enricher>
                            <logger message="In Twitter in Retweet flow#[flowVars.Details.tweetId]===#[flowVars.TweetId1]" level="INFO" doc:name="Logger"/>
                            <choice doc:name="Choice">
                                <when expression="#[flowVars.Details.tweetId&lt;flowVars.TweetId1]">
                                    <set-payload value="#[{'tweetId':flowVars.TweetId1,'userId':sessionVars.userId}]" doc:name="Set Payload"/>
                                    <json:object-to-json-transformer doc:name="Object to JSON"/>
                                    <http:request config-ref="Http_Runtime" path="/twitter/settings/{userId}" method="PUT" doc:name="HTTP">
                                        <http:request-builder>
                                            <http:uri-param paramName="userId" value="#[sessionVars.userId]"/>

                                        </http:request-builder>
                                    </http:request>
                                    <logger message="After Database #[message.payloadAs(java.lang.String)]" level="INFO" doc:name="Logger"/>
                                </when>
                                <otherwise>
                                    <logger level="INFO" doc:name="Logger" message="No Need To Change"/>
                                </otherwise>
                            </choice>
                        </when>
                        <otherwise>
                            <logger message="Nothing To Display" level="INFO" doc:name="Logger"/>
                            
                        </otherwise>
                    </choice>
                </foreach>
            </when>
            <otherwise>
                <logger message="Nothing to change" level="INFO" doc:name="Logger"/>
            </otherwise>
        </choice>
        <catch-exception-strategy doc:name="Catch Exception Strategy">
            <logger message="Error Occured Due TO #[exception.message]" level="INFO" doc:name="Logger"/>
        </catch-exception-strategy>


    </flow>
        <flow name="getAllReTweets">
        <vm:inbound-endpoint exchange-pattern="request-response" path="ReTweets" connector-ref="VM" doc:name="GetAllReTweets"/>
        <logger message="In Polling Get All Tweet ${twitter.key},${twitter.secret},#[sessionVars.token],#[sessionVars.tokenSecret],#[sessionVars.screeName],#[sessionVars.sinceId]" level="INFO" doc:name="Logger"/>
        <set-variable variableName="configj" value="#[sessionVars['config']]" doc:name="ConfigJson"/>
        <set-variable variableName="token" value="#[sessionVars['token']]" doc:name="token"/>
        <set-variable variableName="tokenSecret" value="#[sessionVars['tokenSecret']]" doc:name="tokenSecret"/>
        <set-variable variableName="screenName" value="#[sessionVars['screenName']]" doc:name="screenName"/>
        <set-variable variableName="sinceId" value="#[sessionVars['sinceId']]" doc:name="sinceId"/>
        <set-variable variableName="instanceUuid" value="#[sessionVars['instanceuuid']]" doc:name="instanceUuid"/>
        <logger message="Before Retweet Invoke CK=${twitter.key},Cs=${twitter.secret},At=#[flowVars.token],As=#[flowVars.tokenSecret],Sn=#[flowVars.screenName],SinId=#[flowVars.sinceId]" level="INFO" doc:name="Logger"/>

        <invoke object-ref="ReTweets" method="alltweets" doc:name="ToGetReTweets" methodArguments="${twitter.key},${twitter.secret},#[flowVars.token],#[flowVars.tokenSecret],#[flowVars.screenName],#[flowVars.sinceId]" methodArgumentTypes="java.lang.String,java.lang.String,java.lang.String,java.lang.String,java.lang.String,java.lang.String" name="ToGetReTweets"/>
        <logger message="after the retweeetss#[payload]" level="INFO" doc:name="Logger"/>
        <choice doc:name="Choice">
            <when expression="#[payload.size()!=0]">
                <dw:transform-message doc:name="Transform Message">
                    <dw:set-payload><![CDATA[%dw 1.0
%output application/java
---
payload]]></dw:set-payload>
                </dw:transform-message>
                <foreach doc:name="For Each Forand Retweets" collection="#[payload]">
                    <choice doc:name="Choice">
                        <when expression="#[payload[3]&gt;0]">
                            <logger message="#[payload]" level="INFO" doc:name="Logger"/>
                            <set-session-variable variableName="TotalPayload" value="#[payload[2]]" doc:name="Session Variable"/>
                            <set-variable variableName="TweetId1" value="#[payload[2]]" doc:name="TweetId1"/>
                            <set-variable variableName="retweetMessage" value="#[payload[1]]" doc:name="RetweetMessage"/>
                            <set-variable variableName="retweetUserName" value="#[payload[1]]" doc:name="RetweetUserName"/>
                            <expression-component doc:name="Expression"><![CDATA[flowVars.retweetMessage=flowVars.retweetMessage.toString().split(':')[1];
flowVars.retweetUserName=flowVars.retweetUserName.toString().split(':')[0].split('@')[1];]]></expression-component>
                            <choice doc:name="Choice">
                                <when expression="#[flowVars.configj.hashText!=empty]">
                                    <choice doc:name="Choice">
                                        <when expression="#[payload[1].contains(flowVars.configj.hashText)]">
                                            <set-variable variableName="Response" value="#['https://twitter.com/'+flowVars.screenName+'/status/'+payload[2]+' \n\n ['+flowVars.screenName+'](https://twitter.com/'+flowVars.screenName+') retweeted: \n\n  [@'+flowVars.retweetUserName+'](https://twitter.com/'+flowVars.retweetUserName+') '+flowVars.retweetMessage+'']" doc:name="Response"/>
                                        </when>
                                        <otherwise>
                                            <logger level="INFO" doc:name="Logger" message="HashTag Property Doesnot Match"/>
                                        </otherwise>
                                    </choice>
                                </when>
                                <otherwise>
                                    <set-variable variableName="Response" value="#['https://twitter.com/'+flowVars.screenName+'/status/'+payload[2]+' \n\n ['+flowVars.screenName+'](https://twitter.com/'+flowVars.screenName+') retweeted: \n\n  [@'+flowVars.retweetUserName+'](https://twitter.com/'+flowVars.retweetUserName+') '+flowVars.retweetMessage+'']" doc:name="Response"/>
                                </otherwise>
                            </choice>

                            <logger message="IN retweets#[payload[2]]" level="INFO" doc:name="Logger"/>

                            <choice doc:name="Choice to send the image url or not">
                                <when expression="#[payload.size()&gt;4]">
                                    
                                    <set-variable variableName="imageUrl" value="#[payload[4]]" doc:name="ImageUrl"/>
                                    <logger message="#[flowVars.imageUrl]" level="INFO" doc:name="Logger"/>
                                    <choice doc:name="Choice">
                                        <when expression="#[(payload.size()&gt;5)&amp;&amp;(payload[5]!=null)]">
                                            <set-variable variableName="imageUrl" value="#[payload[5]]" doc:name="Variable"/>
                                        </when>
                                        <otherwise>
                                            <logger message="No Need to change the image url" level="INFO" doc:name="Logger"/>
                                        </otherwise>
                                    </choice>
                                    <dw:transform-message doc:name="Transform Message">
                                        <dw:set-payload><![CDATA[%dw 1.0
%output application/json
---
{
	"Resp":flowVars.Response,
	"ImageUrl":flowVars.imageUrl
}]]></dw:set-payload>
                                    </dw:transform-message>
                                    <http:request config-ref="HTTP_Management_Configuration" path="/hooks/{instanceUuid}" method="POST" doc:name="HttpInstaceUuid">
                                <http:request-builder>
                                            <http:uri-param paramName="instanceUuid" value="#[sessionVars['instanceuuid']]"/>


                                </http:request-builder>
                            </http:request>
                                    <logger message="After http tweetId is #[sessionVars.TotalPayload]" level="INFO" doc:name="Logger"/>
                                </when>
                                <otherwise>
                                    <dw:transform-message doc:name="Transform Message">
                                        <dw:set-payload><![CDATA[%dw 1.0
%output application/json
---
{
	"Resp":flowVars.Response
	
}]]></dw:set-payload>
                                    </dw:transform-message>
                                    <http:request config-ref="HTTP_Management_Configuration" path="/hooks/{instanceUuid}" method="POST" doc:name="HTTP">
                                        <http:request-builder>
                                            <http:uri-param paramName="instanceUuid" value="#[flowVars.instanceUuid]"/>


                                        </http:request-builder>
                                    </http:request>

                                </otherwise>
                            </choice>
                            <enricher target="#[flowVars.Details]" doc:name="Message Enricher">
                                <vm:outbound-endpoint exchange-pattern="request-response" path="/twitterId" connector-ref="VM" doc:name="VMtoCompareWithDataBase"/>
                            </enricher>
                            <logger message="In Twitter in Retweet flow#[flowVars.Details.tweetId]===#[flowVars.TweetId1]" level="INFO" doc:name="Logger"/>
                            <choice doc:name="Choice">
                                <when expression="#[flowVars.Details.tweetId&lt;flowVars.TweetId1]">
                                    <set-payload value="#[{'tweetId':flowVars.TweetId1,'userId':sessionVars.userId}]" doc:name="Set Payload"/>
                                    <json:object-to-json-transformer doc:name="Object to JSON"/>
                                    <http:request config-ref="Http_Runtime" path="/twitter/settings/{userId}" method="PUT" doc:name="Http To Post TweetId in Db">
                                        <http:request-builder>
                                            <http:query-param paramName="client_id" value="${runtime.clientidenforcement.id}"/>
                                            <http:query-param paramName="client_secret" value="${runtime.clientidenforcement.secret}"/>
                                            <http:uri-param paramName="userId" value="#[sessionVars.userId]"/>

                                        </http:request-builder>
                                    </http:request>
                                    <logger message="After Database #[message.payloadAs(java.lang.String)]" level="INFO" doc:name="Logger"/>
                                </when>
                                <otherwise>
                                    <logger message="In retweet flow nothing to update in the databse" level="INFO" doc:name="Logger"/>
                                </otherwise>
                            </choice>

                                                    </when>
                        <otherwise>
                            <logger level="INFO" doc:name="Logger" message="No tweet To Display"/>
                        </otherwise>
                    </choice>
                    
                </foreach>
                
            </when>
            <otherwise>
                <logger message="Nothing to change" level="INFO" doc:name="Logger"/>
            </otherwise>
        </choice>
        <catch-exception-strategy doc:name="Catch Exception Strategy">
            <logger message="Error Occured Due to#[exception.message]" level="INFO" doc:name="Logger"/>
        </catch-exception-strategy>

    </flow>
    <flow name="twitterReceivedTweets">
        <vm:inbound-endpoint exchange-pattern="request-response"  doc:name="VM" connector-ref="VM" path="getMentionTweets"/>
        <logger level="INFO" doc:name="Logger" message="In mention flow"/>
        <set-variable variableName="token" value="#[sessionVars['token']]" doc:name="token"/>
        <set-variable variableName="configj" value="#[sessionVars['config']]" doc:name="ConfigJson"/>
        <set-variable variableName="tokenSecret" value="#[sessionVars['tokenSecret']]" doc:name="tokenSecret"/>
        <set-variable variableName="screenName" value="#[sessionVars['screenName']]" doc:name="screenName"/>
        <set-variable variableName="sinceId" value="#[sessionVars['sinceId']]" doc:name="sinceId"/>
        <set-variable variableName="instanceUuid" value="#[sessionVars['instanceuuid']]" doc:name="instanceUuid"/>
        <logger message="Before Mention Invoke Ck=${twitter.key},Cs=${twitter.secret},At=#[flowVars.token],As=#[flowVars.tokenSecret],Sn=#[flowVars.screenName],SinId#[flowVars.sinceId]" level="INFO" doc:name="Logger"/>

        <invoke object-ref="mentionTweets" method="postedtweets" doc:name="TweetsYouGot" methodArgumentTypes="java.lang.String,java.lang.String,java.lang.String,java.lang.String,java.lang.String,java.lang.String" methodArguments="${twitter.key},${twitter.secret},#[flowVars.token],#[flowVars.tokenSecret],#[flowVars.screenName],#[flowVars.sinceId]" name="TweetsYouGot"/>
        <logger message="After the tweets you got #[payload]" level="INFO" doc:name="Logger"/>
        <choice doc:name="Payload From Mention TimeLine">
            <when expression="#[payload.size()!=0]">
                <dw:transform-message doc:name="Transform Message">
                    <dw:set-payload><![CDATA[%dw 1.0
%output application/java
---
payload]]></dw:set-payload>
                </dw:transform-message>
                <foreach doc:name="For Each">
                    <choice doc:name="Choice">
                        <when expression="#[flowVars.screenName!=payload[0]&amp;&amp;payload[4]&lt;1]">
                            <logger message="#[payload]" level="INFO" doc:name="Logger"/>
                            <set-session-variable variableName="TotalPayload" value="#[payload[3]]" doc:name="TotalPayloadFromJavaClass"/>
                            <set-variable variableName="TweetId1" value="#[payload[3]]" doc:name="TweetId"/>
                            <set-variable variableName="tweet" value="#[payload[2]]" doc:name="Tweet"/>
                            <expression-component doc:name="Expression"><![CDATA[flowVars.tweet=flowVars.tweet.toString().split("https")[0]]]></expression-component>
                            <choice doc:name="Choice">
                                <when expression="#[flowVars.configj.hashText!=empty]">
                                    <choice doc:name="Choice">
                                        <when expression="#[payload[2].contains(flowVars.configj.hashText)]">
                                            <set-variable variableName="Response" value="#['https://twitter.com/'+payload[0]+'/status/'+payload[3]+' \n\n['+payload[1]+'](https://twitter.com/'+payload[0]+') [@'+payload[0]+'](https://twitter.com/'+payload[0]+') \n\n '+payload[2]+' ']" doc:name="Response"/>
                                        </when>
                                        <otherwise>
                                            <logger message="In has text default Flow" level="INFO" doc:name="Logger"/>
                                        </otherwise>
                                    </choice>
                                </when>
                                <otherwise>
                                    <set-variable variableName="Response" value="#['https://twitter.com/'+payload[0]+'/status/'+payload[3]+' \n\n['+payload[1]+'](https://twitter.com/'+payload[0]+') [@'+payload[0]+'](https://twitter.com/'+payload[0]+') \n\n '+payload[2]+' ']" doc:name="Response"/>
                                </otherwise>
                            </choice>

                            <logger message="#[flowVars.Response] inmetiontimeline" level="INFO" doc:name="Logger"/>
                            <choice doc:name="Choice to send the image url or not">
                                <when expression="#[payload.size()&gt;7&amp;&amp;payload[5]&lt;1]">
                                    <set-variable variableName="imageUrl" value="#[payload[7]]" doc:name="ImageUrl"/>
                                    <logger message="#[flowVars.imageUrl]" level="INFO" doc:name="Logger"/>
                                    <choice doc:name="Choice">
                                        <when expression="#[(payload.size()&gt;8)&amp;&amp;(payload[8]!=null)]">
                                            <set-variable variableName="imageUrl" value="#[payload[8]]" doc:name="ImageUrl"/>
                                        </when>
                                        <otherwise>
                                            <logger message="No Need to change the image url" level="INFO" doc:name="Logger"/>
                                        </otherwise>
                                    </choice>
                                    <dw:transform-message doc:name="Transform Message">
                                        <dw:set-payload><![CDATA[%dw 1.0
%output application/json
---
{
	"Resp":flowVars.Response,
	"ImageUrl":flowVars.imageUrl
}]]></dw:set-payload>
                                    </dw:transform-message>
                                    <http:request config-ref="HTTP_Management_Configuration" path="/hooks/{instanceUuid}" method="POST" doc:name="HttpInstaceUuid">
                                        <http:request-builder>
                                            <http:uri-param paramName="instanceUuid" value="#[flowVars.instanceUuid]"/>

                                        </http:request-builder>
                                    </http:request>
                                    <logger message="After http tweetId is #[sessionVars.TotalPayload]" level="INFO" doc:name="Logger"/>
                                </when>
                                <otherwise>
                                    <dw:transform-message doc:name="Transform Message">
                                        <dw:set-payload><![CDATA[%dw 1.0
%output application/json
---
{
	"Resp":flowVars.Response
	
}]]></dw:set-payload>
                                    </dw:transform-message>
                                    <http:request config-ref="HTTP_Management_Configuration" path="hooks/{instanceUuid}" method="POST" doc:name="HTTP">
                                        <http:request-builder>
                                            <http:uri-param paramName="instanceUuid" value="#[flowVars.instanceUuid]"/>

                                        </http:request-builder>
                                    </http:request>
                                </otherwise>
                            </choice>

                        </when>
                        <otherwise>
                            <logger level="INFO" doc:name="Logger" message="Its Not a received Tweet"/>
                        </otherwise>
                    </choice>
                    <enricher target="#[flowVars.Details]" doc:name="Message Enricher">
                        <vm:outbound-endpoint exchange-pattern="request-response" path="/twitterId" connector-ref="VM" doc:name="Toget Tweet Details From DataBase"/>
                    </enricher>
                    <logger message="#[flowVars.Details] in received tweets" level="INFO" doc:name="Logger"/>
                    <choice doc:name="Choice">
                        <when expression="#[flowVars.Details.tweetId&lt;flowVars.TweetId1]">
                            <set-payload value="#[{'tweetId':flowVars.TweetId1,'userId':sessionVars.userId}]" doc:name="Set Payload"/>
                            <json:object-to-json-transformer doc:name="Object to JSON"/>
                            <http:request config-ref="Http_Runtime" path="/twitter/settings/{userId}" method="PUT" doc:name="HTTP TO UPDATE THE">
                                <http:request-builder>
                                    <http:query-param paramName="client_id" value="${runtime.clientidenforcement.id}"/>
                                    <http:query-param paramName="client_secret" value="${runtime.clientidenforcement.secret}"/>
                                    <http:uri-param paramName="userId" value="#[sessionVars.userId]"/>

                                </http:request-builder>
                            </http:request>
                            <logger message="After Database #[message.payloadAs(java.lang.String)]" level="INFO" doc:name="Logger"/>
                        </when>
                        <otherwise>
                            <logger level="INFO" doc:name="Logger"/>
                        </otherwise>
                    </choice>

                    <logger message="In Mention flow After the database" level="INFO" doc:name="Logger"/>
                                    </foreach>
            </when>
            <otherwise>
                <logger message="Message was not triggered" level="INFO" doc:name="Logger"/>
            </otherwise>
        </choice>
        <catch-exception-strategy doc:name="Catch Exception Strategy">
            <logger message="Error Occured Due to#[exception.message]" level="INFO" doc:name="Logger"/>
        </catch-exception-strategy>

    </flow>
    <flow name="ToGetAccessTokenFromRunTime">
        <vm:inbound-endpoint exchange-pattern="request-response" path="AccessToken" doc:name="VM" connector-ref="VM"/>

        <set-variable variableName="IntegrationID" value="${twitter.integrationId}" doc:name="IntegrationId"/>
        <logger level="INFO" doc:name="Logger" message="/integrations/#[flowVars.IntegrationID]/appTokensIn Run Time Get Token Flow#[flowVars.IntegrationID]==#[flowVars.userId]++${integrations.runtime.host}==${integrations.runtime.port}\\\${integrations.runtime.path}"/>
        <http:request config-ref="Http_Runtime" path="/integrations/#[flowVars.IntegrationID]/appTokens" method="GET" doc:name="Http To Get AccessToken">
            <http:request-builder>
                <http:query-param paramName="userId" value="#[sessionVars.userId]"/>
                <http:query-param paramName="client_id" value="${integrations.management.client.id}"/>
                <http:query-param paramName="client_secret" value="${integrations.management.client.secret}"/>
                <http:uri-param paramName="integrationId" value="#[flowVars.IntegrationID]"/>



            </http:request-builder>
            <http:failure-status-code-validator values="500..599"/>
        </http:request>
        <logger message="#[message.payloadAs(java.lang.String)]" level="INFO" doc:name="Logger"/>
        <dw:transform-message doc:name="Transform Message">
            <dw:set-payload><![CDATA[%dw 1.0
%output application/java
---
payload[0]]]></dw:set-payload>
        </dw:transform-message>
   
    </flow>
<flow name="getAllReplyTweets">
        <vm:inbound-endpoint exchange-pattern="request-response" path="/replyTweet" connector-ref="VM" doc:name="ExcludingReplyTweets"/>
        <set-variable variableName="configj" value="#[sessionVars.config]" doc:name="ConfigJson"/>

        <set-variable variableName="token" value="#[sessionVars['token']]" doc:name="token"/>
        <set-variable variableName="tokenSecret" value="#[sessionVars.tokenSecret]" doc:name="tokenSecret"/>
        <set-variable variableName="screenName" value="#[sessionVars.screenName]" doc:name="screenName"/>
        <set-variable variableName="sinceId" value="#[sessionVars.sinceId]" doc:name="sinceId"/>
        <set-variable variableName="instanceUuid" value="#[sessionVars.instanceuuid]" doc:name="instanceUuid"/>
        <logger message="Before Exclude reply Invoke ${twitter.key},${twitter.secret},#[flowVars.token],#[flowVars.tokenSecret],#[flowVars.screenName],#[flowVars.sinceId]" level="INFO" doc:name="Logger"/>
        <invoke object-ref="AllTweets" method="alltweets" methodArguments="${twitter.key},${twitter.secret},#[flowVars.token],#[flowVars.tokenSecret],#[flowVars.screenName],#[flowVars.sinceId]" methodArgumentTypes="java.lang.String,java.lang.String,java.lang.String,java.lang.String,java.lang.String,java.lang.String" doc:name="ToGetReplyTweets" name="ToGetReplyTweets"/>
        <logger message="Inexlude Flows #[payload]" level="INFO" doc:name="Logger"/>
        <choice doc:name="Choice">
            <when expression="#[payload.size()!=0]">
                <dw:transform-message doc:name="Transform Message">
                    <dw:set-payload><![CDATA[%dw 1.0
%output application/java
---
payload]]></dw:set-payload>
                </dw:transform-message>
                <foreach doc:name="For Each For Tweets">
                    <choice doc:name="Choice">
                        <when expression="#[(payload[5]&lt;1)&amp;&amp;(payload[3]&lt;1)]">
                            <logger message="#[payload]====#[sessionVars.sinceId]===#[payload[5]]===#[payload[1]]" level="INFO" doc:name="Logger"/>
                            <set-variable variableName="ReplyTweet" value="#[payload]" doc:name="Variable"/>
                            <set-session-variable variableName="TotalPayload" value="#[payload[2]]" doc:name="Session Variable"/>
                            <set-variable variableName="TweetId1" value="#[payload[2]]" doc:name="TweetId"/>
                            <logger message="#[payload[2]]" level="INFO" doc:name="Logger"/>
                            <choice doc:name="Choice">
                                <when expression="#[flowVars.configj.hashText!=empty]">
                                    <choice doc:name="Choice">
                                        <when expression="#[payload[1].contains(flowVars.configj.hashText)]">
                                            <set-variable variableName="Response" value="#['https://twitter.com/'+flowVars.screenName+'/status/'+payload[2]+' \n\n ['+flowVars.screenName+'](https://twitter.com/'+flowVars.screenName+') '+'@'+flowVars.screenName+'  \n\n '+payload[1]+' ']" doc:name="Response"/>
                                        </when>
                                        <otherwise>
                                            <logger level="INFO" doc:name="Logger"/>
                                        </otherwise>
                                    </choice>
                                </when>
                                <otherwise>
                                    <set-variable variableName="Response" value="#['https://twitter.com/'+flowVars.screenName+'/status/'+payload[2]+' \n\n ['+flowVars.screenName+'](https://twitter.com/'+flowVars.screenName+') '+'@'+flowVars.screenName+'  \n\n '+payload[1]+' ']" doc:name="Response"/>
                                </otherwise>
                            </choice>

                            <logger message="#[flowVars.Response]" level="INFO" doc:name="Logger"/>
                            <choice doc:name="Choice to send the image url or not">
                                <when expression="#[payload.size()&gt;6]">
                                    <set-variable variableName="imageUrl" value="#[payload[6]]" doc:name="ImageUrl"/>
                                    <expression-component doc:name="Expression"><![CDATA[imageUrl=ReplyTweet.get(payload.size()-2)]]></expression-component>
                                    <choice doc:name="Choice">
                                        <when expression="#[flowVars.imageUrl.toString().contains('http')]">
                                            <set-variable variableName="imageUrl" value="#[flowVars.imageUrl]" doc:name="imageUrl"/>
                                        </when>
                                        <otherwise>
                                            <set-variable variableName="imageUrl" value="" doc:name="imageUrl"/>
                                        </otherwise>
                                    </choice>
                                    <logger message="ImageUrl Is #[flowVars.imageUrl]" level="INFO" doc:name="Logger"/>
                                    <choice doc:name="Choice">
                                        <when expression="#[(payload.size()&gt;7)&amp;&amp;(payload[7]!=null)]">
                                            <set-variable variableName="imageUrl" value="#[payload[7]]" doc:name="imageUrl"/>
                                        </when>
                                        <otherwise>
                                            <logger message="No need to change the image Url" level="INFO" doc:name="Logger"/>
                                        </otherwise>
                                    </choice>
                                    <dw:transform-message doc:name="Transform Message">
                                        <dw:set-payload><![CDATA[%dw 1.0
%output application/json
---
{
	"Resp":flowVars.Response,
	"ImageUrl":flowVars.imageUrl
}]]></dw:set-payload>
                                    </dw:transform-message>
                                    <logger message="payload to post for management #[message.payloadAs(java.lang.String)]" level="INFO" doc:name="Logger"/>
                                    <http:request config-ref="HTTP_Management_Configuration" path="/hooks/{instanceUuid}" method="POST" doc:name="HttpInstaceUuid">
                                <http:request-builder>
                                            <http:uri-param paramName="instanceUuid" value="#[flowVars.instanceUuid]"/>

                                </http:request-builder>
                            </http:request>
                                    <logger message="After http tweetId is #[sessionVars.TotalPayload]" level="INFO" doc:name="Logger"/>
                                </when>
                                <otherwise>
                                    <dw:transform-message doc:name="Transform Message">
                                        <dw:set-payload><![CDATA[%dw 1.0
%output application/json
---
{
	"Resp":flowVars.Response
	
}]]></dw:set-payload>
                                    </dw:transform-message>
                                    <http:request config-ref="HTTP_Management_Configuration" path="/hooks/{instanceUuid}" method="POST" doc:name="Http to post data to Mangement">
                                        <http:request-builder>
                                            <http:uri-param paramName="instanceUuid" value="#[flowVars.instanceUuid]"/>

                                        </http:request-builder>
                                    </http:request>

                                </otherwise>
                            </choice>
                            <enricher target="#[flowVars.Details]" doc:name="Message Enricher">
                                <vm:outbound-endpoint exchange-pattern="request-response" path="/twitterId" connector-ref="VM" doc:name="To get twitter Id"/>
                            </enricher>
                            <logger message="#[flowVars.Details] in received tweets" level="INFO" doc:name="Logger"/>
                            <choice doc:name="ChoiceToPostTweetIdInTable">
                                <when expression="#[flowVars.Details.tweetId&lt;flowVars.TweetId1]">
                                    <set-payload value="#[{'tweetId':flowVars.TweetId1,'userId':sessionVars.userId}]" doc:name="Set Payload"/>
                                    <json:object-to-json-transformer doc:name="Object to JSON"/>
                                    <http:request config-ref="Http_Runtime" path="/twitter/settings/{userId}" method="PUT" doc:name="HTTP TO UPDATE">
                                        <http:request-builder>
                                            <http:query-param paramName="client_id" value="${runtime.clientidenforcement.id}"/>
                                            <http:query-param paramName="client_secret" value="${runtime.clientidenforcement.secret}"/>
                                            <http:uri-param paramName="userId" value="#[sessionVars.userId]"/>
										</http:request-builder>
                                    </http:request>
                                    <logger message="After Database #[message.payloadAs(java.lang.String)]" level="INFO" doc:name="Logger"/>
                                </when>
                                <otherwise>
                                    <logger level="INFO" doc:name="Logger" message="No need to Update Db"/>
                                </otherwise>
                            </choice>
                        </when>
                        <otherwise>
                            <logger message="Nothing To Display" level="INFO" doc:name="Logger"/>
                        </otherwise>
                    </choice>
                </foreach>
            </when>
            <otherwise>
                <logger message="Nothing to change" level="INFO" doc:name="Logger"/>
            </otherwise>
        </choice>
        <catch-exception-strategy doc:name="Catch Exception Strategy">
            <logger message="Error Occured Due to#[exception.message]" level="INFO" doc:name="Logger"/>
        </catch-exception-strategy>

    </flow>
    <flow name="GettingReceivedDirectMessages">
        <vm:inbound-endpoint exchange-pattern="request-response" path="/getDirectMessageToYou" connector-ref="VM" doc:name="VM"/>

        <set-variable variableName="token" value="#[sessionVars['token']]" doc:name="token"/>
        <set-variable variableName="tokenSecret" value="#[sessionVars['tokenSecret']]" doc:name="tokenSecret"/>
        <set-variable variableName="screenName" value="#[sessionVars['screenName']]" doc:name="screenName"/>
        <set-variable variableName="sinceId" value="#[sessionVars['sinceId']]" doc:name="sinceId"/>
        <set-variable variableName="instanceUuid" value="#[sessionVars['instanceuuid']]" doc:name="instanceUuid"/>
        <logger message="Before Sent message Invoke ${twitter.key},${twitter.secret},#[flowVars.token],#[flowVars.tokenSecret],#[flowVars.sinceId]" level="INFO" doc:name="Logger"/>
        <invoke object-ref="getDirecetMessage" method="GetMessages" methodArguments="${twitter.key},${twitter.secret},#[flowVars.token],#[flowVars.tokenSecret],#[flowVars.sinceId]" methodArgumentTypes="java.lang.String,java.lang.String,java.lang.String,java.lang.String,java.lang.String" doc:name="Invoke" name="DirectMessagesFromAnotherAccount"/>
        <choice doc:name="Choice">
            <when expression="#[payload.size()!=0]">
                <logger message="#[payload]" level="INFO" doc:name="Logger"/>
                <dw:transform-message doc:name="Transform Message">
                    <dw:set-payload><![CDATA[%dw 1.0
%output application/java
---
payload]]></dw:set-payload>
                </dw:transform-message>
                <foreach doc:name="For Each">
                    <set-variable variableName="tweet" value="#[payload[0]]" doc:name="Tweet"/>
                    <set-session-variable variableName="TotalPayload" value="#[payload[0]]" doc:name="Session Variable"/>
                    <set-variable variableName="TweetId1" value="#[payload[0]]" doc:name="TweetId"/>
                    <set-variable variableName="Response" value="#['https://twitter.com/'+payload[2]+'/status/'+payload[0]+' \n\n['+flowVars.screenName+'](https://twitter.com/'+flowVars.screenName+') @['+payload[2]+'](https://twitter.com/'+payload[2]+') \n\n Received message &quot;'+payload[1]+'&quot; ']" doc:name="Response"/>
                    <choice doc:name="Choice">
                        <when expression="#[payload.size()&gt;4]">
                            <set-variable variableName="imageUrl" value="#[payload[4]]" doc:name="imageUrl"/>
                            <dw:transform-message doc:name="Transform Message">
                                <dw:set-payload><![CDATA[%dw 1.0
%output application/json
---
{
	"Resp":flowVars.Response,
	"ImageUrl":flowVars.imageUrl
}]]></dw:set-payload>
                            </dw:transform-message>
                            <http:request config-ref="HTTP_Management_Configuration" path="/hooks/{instanceUuid}" method="POST" doc:name="HTTP">
                                <http:request-builder>
                                    <http:uri-param paramName="instanceUuid" value="#[flowVars.instanceUuid]"/>
                                </http:request-builder>
                            </http:request>
                        </when>
                        <otherwise>
                            <dw:transform-message doc:name="Transform Message">
                                <dw:set-payload><![CDATA[%dw 1.0
%output application/json
---
{
	"Resp":flowVars.Response
	
}]]></dw:set-payload>
                            </dw:transform-message>
                            <http:request config-ref="HTTP_Management_Configuration" path="/hooks/{instanceUuid}" method="POST" doc:name="HTTP  ">
                                <http:request-builder>
                                    <http:uri-param paramName="instanceUuid" value="#[flowVars.instanceUuid]"/>
                                </http:request-builder>
                            </http:request>
                        </otherwise>
                    </choice>
                    <enricher target="#[flowVars.tweetDetails]" doc:name="Message Enricher">
                        <vm:outbound-endpoint exchange-pattern="request-response" path="/MessageId" connector-ref="VM" doc:name="VM"/>
                    </enricher>
                    <logger message="#[flowVars.tweetDetails]" level="INFO" doc:name="Logger"/>
                    <choice doc:name="Choice">
                        <when expression="#[flowVars.tweetDetails[0].mentionId&lt;flowVars.TweetId1]">
                            <logger message="In serting message Id" level="INFO" doc:name="Logger"/>
                            <set-payload value="#[{'mentionId':flowVars.TweetId1,'userId':sessionVars.userId}]" doc:name="Set Payload"/>
                            <json:object-to-json-transformer doc:name="Object to JSON"/>
                            <logger message="12313213213#[payload]" level="INFO" doc:name="Logger"/>
                            <http:request config-ref="Http_Runtime" path="/twitter/settings/{userId}" method="PUT" doc:name="HTTP">
                                <http:request-builder>
                                    <http:query-param paramName="client_id" value="${runtime.clientidenforcement.id}"/>
                                    <http:query-param paramName="client_secret" value="${runtime.clientidenforcement.secret}"/>
                                    <http:uri-param paramName="userId" value="#[sessionVars.userId]"/>
                                </http:request-builder>
                            </http:request>
                        </when>
                        <otherwise>
                            <logger message="No Need to Update in Message Id" level="INFO" doc:name="Logger"/>
                        </otherwise>
                    </choice>
                </foreach>
            </when>
            <otherwise>
                <logger level="INFO" doc:name="Logger" message="Nothing to post"/>
            </otherwise>
        </choice>
        <catch-exception-strategy doc:name="Catch Exception Strategy">
            <logger message="Error Occured Due to#[exception.message]" level="INFO" doc:name="Logger"/>
        </catch-exception-strategy>

        
        
    </flow>
    <flow name="TwitterGetDirectMessagesFromYou">
        <vm:inbound-endpoint exchange-pattern="request-response" path="/getDirectMessageFromYou" connector-ref="VM" doc:name="VM"/>
        <set-variable variableName="token" value="#[sessionVars['token']]" doc:name="token"/>
        <set-variable variableName="tokenSecret" value="#[sessionVars['tokenSecret']]" doc:name="tokenSecret"/>
        <set-variable variableName="screenName" value="#[sessionVars['screenName']]" doc:name="screenName"/>
        <set-variable variableName="sinceId" value="#[sessionVars['sinceId']]" doc:name="sinceId"/>
        <set-variable variableName="instanceUuid" value="#[sessionVars['instanceuuid']]" doc:name="instanceUuid"/>
        <logger message="Before Received Message Invoke${twitter.key},${twitter.secret},#[flowVars.token],#[flowVars.tokenSecret],#[flowVars.sinceId]" level="INFO" doc:name="Logger"/>
        <invoke object-ref="getDirecetMessagesYouSent" method="GetMessages" methodArguments="${twitter.key},${twitter.secret},#[flowVars.token],#[flowVars.tokenSecret],#[flowVars.sinceId]" methodArgumentTypes="java.lang.String,java.lang.String,java.lang.String,java.lang.String,java.lang.String" doc:name="DirectMessagesToAnotherAccount" name="DirectMessagesToAnotherAccount"/>
        <choice doc:name="Choice">
            <when expression="#[payload.size()!=0]">
                <logger message="After Invoke Received Messages #[payload]" level="INFO" doc:name="Logger"/>
                <dw:transform-message doc:name="Transform Message">
                    <dw:set-payload><![CDATA[%dw 1.0
%output application/java
---
payload]]></dw:set-payload>
                </dw:transform-message>
                <foreach doc:name="For Each">
                            <set-variable variableName="tweet" value="#[payload[0]]" doc:name="DirectMessage"/>
                            <set-session-variable variableName="TotalPayload" value="#[payload[1]]" doc:name="MessageId"/>
                            <set-variable variableName="TweetId1" value="#[payload[0]]" doc:name="TweetId"/>
                    <set-variable variableName="Response" value="#['https://twitter.com/'+payload[2]+'/status/'+payload[0]+' \n\n['+flowVars.screenName+'](https://twitter.com/'+flowVars.screenName+') @['+payload[2]+'](https://twitter.com/'+payload[2]+') \n\n Sent message &quot;'+payload[1]+'&quot; ']" doc:name="Response"/>
                    <choice doc:name="Choice">
                        <when expression="#[payload.size()&gt;4]">
                            <set-variable variableName="imageUrl" value="#[payload[4]]" doc:name="imageUrl"/>
                            <dw:transform-message doc:name="Transform Message">
                                <dw:set-payload><![CDATA[%dw 1.0
%output application/json
---
{
	"Resp":flowVars.Response,
	"ImageUrl":flowVars.imageUrl
}]]></dw:set-payload>
                            </dw:transform-message>
                            <http:request config-ref="HTTP_Management_Configuration" path="/hooks/{instanceUuid}" method="POST" doc:name="HTTP">
                                <http:request-builder>
                                    <http:uri-param paramName="instanceUuid" value="#[flowVars.instanceUuid]"/>
                                </http:request-builder>
                            </http:request>
                        </when>
                        <otherwise>
                            <dw:transform-message doc:name="Transform Message">
                                <dw:set-payload><![CDATA[%dw 1.0
%output application/json
---
{
	"Resp":flowVars.Response
	
}]]></dw:set-payload>
                            </dw:transform-message>
                            <http:request config-ref="HTTP_Management_Configuration" path="/hooks/{instanceUuid}" method="POST" doc:name="HTTP">
                                <http:request-builder>
                                    <http:uri-param paramName="instanceUuid" value="#[flowVars.instanceUuid]"/>
                                </http:request-builder>
                            </http:request>
                        </otherwise>
                    </choice>
                    <enricher target="#[flowVars.tweetDetails]" doc:name="Message Enricher">
                        <vm:outbound-endpoint exchange-pattern="request-response" path="/MessageId" connector-ref="VM" doc:name="VM"/>
                    </enricher>
                    <logger message="#[flowVars.tweetDetails]" level="INFO" doc:name="Logger"/>
                    <choice doc:name="Choice">
                        <when expression="#[flowVars.tweetDetails[0].mentionId&lt;flowVars.TweetId1]">
                            <set-payload value="#[{'mentionId':flowVars.TweetId1,'userId':sessionVars.userId}]" doc:name="Set Payload"/>
                            <json:object-to-json-transformer doc:name="Object to JSON"/>
                            <logger message="To chage message Id In db #[message.payloadAs(java.lang.String)]" level="INFO" doc:name="Logger"/>
                            <http:request config-ref="Http_Runtime" path="/twitter/settings/{userId}" method="PUT" doc:name="HTTP">
                                <http:request-builder>
                                    <http:query-param paramName="client_id" value="${runtime.clientidenforcement.id}"/>
                                    <http:query-param paramName="client_secret" value="${runtime.clientidenforcement.secret}"/>
                                    <http:uri-param paramName="userId" value="#[sessionVars.userId]"/>
                                </http:request-builder>
                            </http:request>
                            
                        </when>
                        <otherwise>
                            <logger level="INFO" doc:name="Logger" message="No need to change to chage the message Id"/>
                        </otherwise>
                    </choice>
                            
                </foreach>
            </when>
            <otherwise>
                <logger level="INFO" doc:name="Logger" message="Nothing to post"/>
            </otherwise>
        </choice>
        <catch-exception-strategy doc:name="Catch Exception Strategy">
            <logger message="Error Occured Due to#[exception.message]" level="INFO" doc:name="Logger"/>
        </catch-exception-strategy>
    </flow>
    <flow name="twitter-api-callsFlow">
        <vm:inbound-endpoint exchange-pattern="request-response" path="/MessageId" connector-ref="VM" doc:name="VM"/>
        <logger message="User ID to Get the Tweet Details from Db #[sessionVars.userId]" level="INFO" doc:name="Logger"/>
        <http:request config-ref="Http_Runtime" path="/twitter/settings/{userId}" method="GET" doc:name="HTTP">
            <http:request-builder>
                <http:uri-param paramName="userId" value="#[sessionVars.userId]"/>
            </http:request-builder>
        </http:request>
        <logger message="Tweet Details Are #[message.payloadAs(java.lang.String)]" level="INFO" doc:name="Logger"/>
        <dw:transform-message doc:name="Transform Message">
            <dw:set-payload><![CDATA[%dw 1.0
%output application/java
---
payload]]></dw:set-payload>
        </dw:transform-message>
    </flow>
    <flow name="GettingSingleSentMessage">
        <vm:inbound-endpoint exchange-pattern="request-response" path="/GetDirectMessageInPolling" connector-ref="VM" doc:name="VM"/>
        <logger message="To Getting sent DirectMessages ${twitter.key},${twitter.secret},#[flowVars.token],#[flowVars.tokenSecret]" level="INFO" doc:name="Logger"/>
        <set-variable variableName="token" value="#[sessionVars['token']]" doc:name="token"/>
        <set-variable doc:name="tokenSecret" value="#[sessionVars['tokenSecret']]" variableName="tokenSecret"/>
        <set-variable variableName="instanceUuid" value="#[sessionVars['instanceuuid']]" doc:name="instanceUuid"/>
        <invoke name="GetSingleDirectMessageThatYouSent" object-ref="directMessage" method="GetMessage" methodArguments="${twitter.key},${twitter.secret},#[flowVars.token],#[flowVars.tokenSecret]" methodArgumentTypes="java.lang.String,java.lang.String,java.lang.String,java.lang.String" doc:name="Invoke"/>
        <logger message="After the received direct messages #[payload]" level="INFO" doc:name="Logger"/>
        <choice doc:name="Choice">
            <when expression="#[payload.size()&gt;0]">
                <logger level="INFO" doc:name="Logger" message="In Received Messaged Flow  #[payload]"/>
                <set-variable variableName="TweetId1" value="#[payload[0][0]]" doc:name="MessageId"/>
                <set-variable variableName="Response" value="#['https://twitter.com/'+payload[0][2]+'/status/'+payload[0][0]+' \n\n['+payload[0][2]+'](https://twitter.com/'+payload[0][2]+') @['+payload[0][3]+'](https://twitter.com/'+payload[0][3]+') \n\n Received message &quot;'+payload[0][1]+'&quot; ']" doc:name="Response"/>
                <dw:transform-message doc:name="Transform Message">
                    <dw:set-payload><![CDATA[%dw 1.0
%output application/json
---
{
	"Resp":flowVars.Response
	
}]]></dw:set-payload>
                </dw:transform-message>
                <logger message="To Posst to management #[message.payloadAs(java.lang.String)]" level="INFO" doc:name="Logger"/>
                <http:request config-ref="HTTP_Management_Configuration" path="/hooks/{instanceUuid}" method="POST" doc:name="HTTP">
                    <http:request-builder>
                        <http:uri-param paramName="instanceUuid" value="#[sessionVars.instanceuuid]"/>
                    </http:request-builder>
                </http:request>
                <logger message="#[message.payloadAs(java.lang.String)]" level="INFO" doc:name="Logger"/>
                <set-payload value="#[{'mentionId':flowVars.TweetId1,'userId':sessionVars.userId}]" doc:name="Set Payload"/>
                <json:object-to-json-transformer doc:name="Object to JSON"/>
                <http:request config-ref="Http_Runtime" path="/twitter/settings/{userId}" method="PUT" doc:name="HTTP">
                    <http:request-builder>
                        <http:query-param paramName="client_id" value="${runtime.clientidenforcement.id}"/>
                        <http:query-param paramName="client_secret" value="${runtime.clientidenforcement.secret}"/>
                        <http:uri-param paramName="userId" value="#[sessionVars.userId]"/>
                    </http:request-builder>
                </http:request>
                <logger message="AfterDb" level="INFO" doc:name="Logger"/>
            </when>
            <otherwise>
                <logger level="INFO" doc:name="Logger" message="No Payload #[payload]"/>
                <set-payload doc:name="Set Payload" value="#[{'mentionId':'NoMessageId','userId':sessionVars.userId}]"/>
            </otherwise>
        </choice>
        <logger level="INFO" doc:name="Logger" message="End of the inserting direct message value call"/>
    </flow>
    <flow name="GettingSingleReceiveMessage">
        <vm:inbound-endpoint exchange-pattern="one-way"  doc:name="VM" connector-ref="VM" path="/getSingleReceivedDirectMessage"/>
        <logger message="To Getting DirectMessages ${twitter.key},${twitter.secret},#[flowVars.token],#[flowVars.tokenSecret]" level="INFO" doc:name="Logger"/>
        <set-variable variableName="token" value="#[sessionVars['token']]" doc:name="Token"/>
        <set-variable variableName="tokenSecret" value="#[sessionVars['tokenSecret']]" doc:name="TokenSecret"/>
        <set-variable variableName="instanceUuid" value="#[sessionVars['instanceuuid']]" doc:name="instanceUuid"/>
        <invoke object-ref="getOneDirecetMessagesYouReceive" method="GetDirectMessages" methodArguments="${twitter.key},${twitter.secret},#[flowVars.token],#[flowVars.tokenSecret]" methodArgumentTypes="java.lang.String,java.lang.String,java.lang.String,java.lang.String" doc:name="ToReceiveTheDirectMessages" name="GettingSingleDirectMessagesThatYouReceive"/>
        <choice doc:name="Choice">
            <when expression="#[payload.size()&gt;0]">
                <logger level="INFO" doc:name="Logger"/>
                <set-variable variableName="TweetId1" value="#[payload[0][0]]" doc:name="TweetId1"/>
                <set-variable variableName="Response" value="#['https://twitter.com/'+payload[0][2]+'/status/'+payload[0][0]+' \n\n['+payload[0][2]+'](https://twitter.com/'+payload[0][2]+') @['+payload[0][3]+'](https://twitter.com/'+payload[0][3]+') \n\n Sent message &quot;'+payload[0][1]+'&quot; ']" doc:name="Response"/>
                <dw:transform-message doc:name="Transform Message">
                    <dw:set-payload><![CDATA[%dw 1.0
%output application/json
---
{
	"Resp":flowVars.Response
	
}]]></dw:set-payload>
                </dw:transform-message>
                <http:request config-ref="HTTP_Management_Configuration" path="/hooks/{instanceUuid}" method="POST" doc:name="HTTP">
                    <http:request-builder>
                        <http:uri-param paramName="instanceUuid" value="#[sessionVars.instanceuuid]"/>
                    </http:request-builder>
                </http:request>
                <enricher target="#[flowVars.messageId]" doc:name="Message Enricher">
                    <vm:outbound-endpoint exchange-pattern="request-response" path="/MessageId" connector-ref="VM" doc:name="VM"/>
                </enricher>
                <logger message="#[payload]" level="INFO" doc:name="Logger"/>
                <choice doc:name="Choice">
                    <when expression="#[(flowVars.messageId[0].mentionId&lt;flowVars.TweetId1)||(flowVars.messageId[0].mentionId=='NoMessageId')]">
                        <set-payload value="#[{'mentionId':flowVars.TweetId1,'userId':sessionVars.userId}]" doc:name="Set Payload"/>
                        <json:object-to-json-transformer doc:name="Object to JSON"/>
                        <http:request config-ref="Http_Runtime" path="/twitter/settings/{userId}" method="PUT" doc:name="HTTP">
                            <http:request-builder>
                                <http:query-param paramName="client_id" value="${runtime.clientidenforcement.id}"/>
                                <http:query-param paramName="client_secret" value="${runtime.clientidenforcement.secret}"/>
                                <http:uri-param paramName="userId" value="#[sessionVars.userId]"/>
                            </http:request-builder>
                        </http:request>
                    </when>
                    <otherwise>
                        <logger level="INFO" doc:name="Logger" message="No thing to postin db"/>
                    </otherwise>
                </choice>
            </when>
            <otherwise>
                <logger level="INFO" doc:name="Logger"/>
                <set-payload doc:name="Set Payload" value="#[{'mentionId':'NoMessageId','userId':sessionVars.userId}]"/>
            </otherwise>
        </choice>
    </flow>
    <flow name="GettingTwitterTweetDetailsWhenThereisNoTweetIdInTable">
        <vm:inbound-endpoint exchange-pattern="request-response" path="GetTweetsForNoTweetIdInTable" connector-ref="VM" doc:name="VM"/>
                            <set-variable variableName="token" value="#[sessionVars.token]" doc:name="token"/>
        <set-variable variableName="tokenSecret" value="#[sessionVars.tokenSecret]" doc:name="tokenSecret"/>
        <set-variable variableName="screenName" value="#[sessionVars.screenName]" doc:name="screenName"/>
        <set-variable variableName="sinceId" value="#[sessionVars.sinceId]" doc:name="sinceId"/>
        <set-variable variableName="instanceUuid" value="#[sessionVars.instanceuuid]" doc:name="instanceUuid"/>
        <logger message="Before Exclude reply Invoke ${twitter.key},${twitter.secret},#[flowVars.token],#[flowVars.tokenSecret],#[flowVars.screenName],#[flowVars.sinceId]" level="INFO" doc:name="Logger"/>
        <invoke object-ref="myTweets" method="tweets" methodArguments="${twitter.key},${twitter.secret},#[flowVars.token],#[flowVars.tokenSecret],#[flowVars.screenName]" methodArgumentTypes="java.lang.String,java.lang.String,java.lang.String,java.lang.String,java.lang.String" doc:name="ToGetTweetWhenThereisNoTweetIdInDb" name="GettingTweetsFotTheNewPersons"/>
        <choice doc:name="Choice">
            <when expression="#[payload.size()&gt;0]">
                <logger message="#[payload]" level="INFO" doc:name="Logger"/>
                <set-variable variableName="TweetId1" value="#[payload[0][0]]" doc:name="TweetId1"/>
                <set-payload value="#[{'tweetId':flowVars.TweetId1,'userId':sessionVars.userId}]" doc:name="Set Payload"/>
                <json:object-to-json-transformer doc:name="Object to JSON"/>
                <http:request config-ref="HTTP_Management_Configuration" path="/hooks/{instanceUuid}" method="POST" doc:name="HTTP">
                    <http:request-builder>
                        <http:uri-param paramName="instanceUuid" value="#[flowVars.instanceUuid]"/>
                    </http:request-builder>
                </http:request>
            </when>
            <otherwise>
                <logger message="Nothing to change in the db for tweets" level="INFO" doc:name="Logger"/>
            </otherwise>
        </choice>
        
    </flow>

    
</mule>
